link,group
U209-C78,WTP Treat
SR_PRR-N3,P/C
D701-D800,P/C
D700-C30,P/C
D55-HSU_D55,WTP Treat
C136-C138,WTP Treat
C173-C107,WTP Treat
C152-C156,WTP Treat
C147-SR_SS,WWP to SW
C122-C161,WTP Treat
C107-C39,P/C
C71-C201,WTP Treat
C70-C71,WTP Treat
C39-PMP_Walnut,WTP Treat
C21-HSU_C21,WTP Treat
D865-PMP_OSO,P/C
PMPChris-D862B,P/C
PMP_Wheelr-D862A,P/C
PMP_Walnut-C201,P/C
PMP_Wads-SR_DMV,P/C
PMP_Wads-N5,P/C
PMP_Wads-C138,P/C
PMP_Tracy-D701,P/C
PMP_SoBay-D891,P/C
PMP_Pearb-C124,P/C
PMP_OSO-D884,P/C
PMP_ONeill-D814,P/C
PMP_Old_R-C310,P/C
PMP_Mallar-C71,P/C
PMP_LPeril-PMP_Badger,P/C
PMP_LosVaq-SR_LVQ,P/C
PMP_JH-HARHF,P/C
PMP_JH-C136,P/C
PMP_ISOL_F-D59,P/C
PMP_Iron-PMP_Eagle,P/C
PMP_Gianel-SR_SNL,P/C
PMP_Edmons-C103,P/C
PMP_Eagle-PMP_JH,P/C
PMP_DValle-SR_DLV,P/C
PMP_DAmigo-D744a,P/C
PMP_CC1-C70,P/C
PMP_Buena-D860,P/C
PMP_Banks-D800,P/C
PMP_Badger-D847,P/C
D801-PMP_SoBay,P/C
WTPA507-C147,WTP D/C
WTP511-U511,WTP D/C
WTP510-U510,WTP D/C
WTP509-U509,WTP D/C
WTP508-U508,WTP D/C
WTP507-U507,WTP D/C
WTP506-U506,WTP D/C
WTP505-U505,WTP D/C
WTP504-U504,WTP D/C
WTP503-U503,WTP D/C
WTP502-U502,WTP D/C
WTP501-U501,WTP D/C
WTP410-U410,WTP D/C
WTP407-U407,WTP D/C
WTP406-U406,WTP D/C
WTP405-U405,WTP D/C
WTP402-U402,WTP D/C
WTP401-U401,WTP D/C
WTP305-U305,WTP D/C
WTP304-U304,WTP D/C
WTP302-U302,WTP D/C
WTP301-U301,WTP D/C
WTP210-U210,WTP D/C
WTP209-U209,WTP D/C
WTP208-U208,WTP D/C
WTP207-U207,WTP D/C
WTP205-U205,WTP D/C
WTP204-U204,WTP D/C
WTP203-U203,WTP D/C
WTP201-U201,WTP D/C
WTP101-U101,WTP D/C
SR_SFAGG-WTP304,WTP Treat
SR_SFAGG-WTP301,WTP Treat
SR_ORO-WTP201,WTP Treat
SR_FOL-WTP204,WTP Treat
SR_EBMUD-WTP209,WTP Treat
N8-WTP511,WTP Treat
N7-WTP502,WTP Treat
N1-WTP506,WTP Treat
D896-WTP304,WTP Treat
D889-WTP503,WTP Treat
D871-WTP505,WTP Treat
D849-WTP406,WTP Treat
D750-WTP402,WTP Treat
D714-WTP304,WTP Treat
D662-WTP305,WTP Treat
D662-WTP302,WTP Treat
D645-WTP305,WTP Treat
D64-WTP204,WTP Treat
D17-WTP204,WTP Treat
D16-WTP302,WTP Treat
D5-WTP101,WTP Treat
C688-WTP405,WTP Treat
C315-WTP304,WTP Treat
C173-WTP207,WTP Treat
C161-WTP504,WTP Treat
C156-WTP511,WTP Treat
C154-WTP509,WTP Treat
C152-WTP510,WTP Treat
C147-WTP507,WTP Treat
C141-WTP508,WTP Treat
C106-WTP501,WTP Treat
C105-WTP204,WTP Treat
C97-WTP410,WTP Treat
C79-WTP301,WTP Treat
C78-WTP209,WTP Treat
C67-WTP203,WTP Treat
C65-WTP407,WTP Treat
C56-WTP405,WTP Treat
C53-WTP401,WTP Treat
C49-WTP401,WTP Treat
C43-WTP210,WTP Treat
C41-WTP210,WTP Treat
C31-WTP201,WTP Treat
C25-WTP201,WTP Treat
C8-WTP204,WTP Treat
Desal-U511,DSL
Desal-U509,DSL
Desal-U504,DSL
Desal-U501,DSL
Desal-U406,DSL
Desal-U304,DSL
Desal-U301,DSL
Desal-U209,DSL
HGPVC-U501,GWP
HGPVC-A501,GWP
HGPSD-U511,GWP
HGPSD-A511,GWP
HGPSC-U304,GWP
HGPSBV-U506,GWP
HGPOW-C120,GWP
HGPOW-A500,GWP
HGPMWD-U504,GWP
HGPMJ-U505,GWP
HGPKRN-D865,GWP
HGPIM-U510,GWP
HGPIM-A510,GWP
HGPHF-PMP_JH,GWP
HGPEW-U509,GWP
HGPEW-A509,GWP
HGPCH-U507,GWP
HGPCH-A507,GWP
HGPAV-U502,GWP
HGPAV-A502,GWP
HGP21-U410,GWP
HGP21-U409,GWP
HGP21-A409C,GWP
HGP21-A409B,GWP
HGP21-A409A,GWP
HGP20-U407,GWP
HGP20-A407,GWP
HGP19-U408,GWP
HGP19-R401,GWP
HGP19-D851,GWP
HGP19-A408B,GWP
HGP19-A408A,GWP
HGP18-U405,GWP
HGP18-R402,GWP
HGP18-A405,GWP
HGP17-U403,GWP
HGP17-A403,GWP
HGP16-U401,GWP
HGP16-A401,GWP
HGP15-U404,GWP
HGP15-A404B,GWP
HGP15-A404A,GWP
HGP14-A402B,GWP
HGP14-A402A,GWP
HGP13-U306,GWP
HGP13-R301,GWP
HGP13-A306,GWP
HGP12-U305,GWP
HGP12-A305,GWP
HGP11-U302,GWP
HGP11-A302,GWP
HGP10-U303,GWP
HGP10-R302,GWP
HGP10-A303,GWP
HGP09-U206,GWP
HGP09-A206,GWP
HGP08-U210,GWP
HGP08-U207,GWP
HGP08-U204,GWP
HGP08-A207,GWP
HGP07-U204,GWP
HGP07-A204,GWP
HGP06-U205,GWP
HGP06-U203,GWP
HGP06-A203,GWP
HGP05-U202,GWP
HGP05-U201,GWP
HGP05-R202,GWP
HGP05-R201,GWP
HGP05-A202,GWP
HGP04-U104,GWP
HGP04-A104,GWP
HGP03-U103,GWP
HGP03-R101,GWP
HGP03-A103B,GWP
HGP03-A103A,GWP
HGP02-U102,GWP
HGP02-A102,GWP
HGP01-U101,GWP
HGP01-A101,GWP
U506-HARSBV,HAR
HARSC-GW_SC,HAR
HARKRN-GW_KRN,HAR
D868-HARAV,HAR
D865-HARKRN,HAR
D850-HAR19,HAR
D634-HAR13,HAR
D624-HAR13,HAR
C689-HAR21,HAR
C688-HAR18,HAR
C161-HARMWD,HAR
C158-HARCH,HAR
C151-HARIM,HAR
C145-HARCH,HAR
C124-HARMJ,HAR
C120-HAROW,HAR
C98-HAR21,HAR
C74-HAR21,HAR
C74-HAR20,HAR
C73-HAR19,HAR
C65-HAR21,HAR
C65-HAR20,HAR
C64-HAR20,HAR
C62-HAR19,HAR
C58-HAR18,HAR
C56-HAR18,HAR
C53-HAR17,HAR
C53-HAR16,HAR
C52-HAR15,HAR
C49-HAR17,HAR
C49-HAR16,HAR
WWP507-C158,WWP to GW
WWP507-C145,WWP to GW
WWP505-HGRMJ,WWP to GW
WWP502-HGRAV,WWP to GW
WWP410-HGR21,WWP to GW
WWP407-HGR20,WWP to GW
WWP405-HGR18,WWP to GW
WWP403-HGR17,WWP to GW
WWP402-HGR14,WWP to GW
WWP401-HGR16,WWP to GW
WWP306-HGR13,WWP to GW
WWP305-HGR12,WWP to GW
WWP304-HGRSC,WWP to GW
WWP304-HARSC,WWP to GW
WWP302-HGR11,WWP to GW
WWP210-HGR08,WWP to GW
WWP207-HGR08,WWP to GW
WWP205-HGR06,WWP to GW
WWP204-HGR08,WWP to GW
WWP204-HGR07,WWP to GW
WWP203-HGR06,WWP to GW
WWP101-HGR01,WWP to GW
WWP510-SR_SS,WWP to SW
WWP507-SR_SS,WWP to SW
WWP410-C73,WWP to SW
WWP407-C73,WWP to SW
WWP405-C59,WWP to SW
WWP401-D605,WWP to SW
WWP210-C42,WWP to SW
WWP204-D44,WWP to SW
WWP201-D37,WWP to SW
WWP101-C2,WWP to SW
WWP511-HNP511,NPR
WWP510-HNP510,NPR
WWP509-HNP509,NPR
WWP508-HNP508,NPR
WWP507-HNP507,NPR
WWP506-HNP506,NPR
WWP505-HNP505,NPR
WWP504-HNP504,NPR
WWP503-HNP503,NPR
WWP502-HNP502,NPR
WWP501-HNP501,NPR
WWP410-HNP410,NPR
WWP407-HNP407,NPR
WWP406-HNP406,NPR
WWP405-HNP405,NPR
WWP403-HNP403,NPR
WWP402-HNP402,NPR
WWP401-HNP401,NPR
WWP306-HNP306,NPR
WWP305-HNP305,NPR
WWP304-HNP304,NPR
WWP302-HNP302,NPR
WWP301-HNP301,NPR
WWP210-HNP210,NPR
WWP209-HNP209,NPR
WWP208-HNP208,NPR
WWP207-HNP207,NPR
WWP205-HNP205,NPR
WWP204-HNP204,NPR
WWP203-HNP203,NPR
WWP201-HNP201,NPR
WWP101-HNP101,NPR
WWP511-HP511,PR
WWP510-HP510,PR
WWP509-HP509,PR
WWP508-HP508,PR
WWP507-HP507,PR
WWP506-HP506,PR
WWP505-HP505,PR
WWP504-HP504,PR
WWP503-HP503,PR
WWP502-HP502,PR
WWP501-HP501,PR
WWP410-HP410,PR
WWP407-HP407,PR
WWP406-HP406,PR
WWP405-HP405,PR
WWP403-HP403,PR
WWP402-HP402,PR
WWP401-HP401,PR
WWP306-HP306,PR
WWP305-HP305,PR
WWP304-HP304,PR
WWP302-HP302,PR
WWP301-HP301,PR
WWP210-HP210,PR
WWP209-HP209,PR
WWP208-HP208,PR
WWP207-HP207,PR
WWP205-HP205,PR
WWP204-HP204,PR
WWP203-HP203,PR
WWP201-HP201,PR
WWP101-HP101,PR
ERes_CMWD-SINK,other
ERES_EWMWD-SINK,other
ERes_SDWD-SINK,other
D550-PMP_CC1,WTP Treat
D528-PMP_Mallar,WTP Treat
C309-PMP_Old_R,WTP Treat
SR_WHI-D73,IFR